machine_id,timestamp,note
M-01,2026-01-01,Routine inspection. No vibration or overheating reported.
M-01,2026-01-02,Routine inspection. No vibration or overheating reported.
M-01,2026-01-03,Rising vibration and bearing noise; inspection requested.
M-01,2026-01-04,Rising vibration and bearing noise; inspection requested.
M-01,2026-01-05,Routine inspection. No vibration or overheating reported.
M-01,2026-01-06,Routine inspection. No vibration or overheating reported.
M-01,2026-01-07,Rising vibration and bearing noise; inspection requested.
M-01,2026-01-08,Rising vibration and bearing noise; inspection requested.
M-01,2026-01-09,Routine inspection. No vibration or overheating reported.
M-01,2026-01-10,Routine inspection. No vibration or overheating reported.
M-01,2026-01-11,Rising vibration and bearing noise; inspection requested.
M-01,2026-01-12,Rising vibration and bearing noise; inspection requested.
M-01,2026-01-13,Routine inspection. No vibration or overheating reported.
M-01,2026-01-14,Rising vibration and bearing noise; inspection requested.
M-01,2026-01-15,Rising vibration and bearing noise; inspection requested.
M-01,2026-01-16,Routine inspection. No vibration or overheating reported.
M-01,2026-01-17,Routine inspection. No vibration or overheating reported.
M-01,2026-01-18,Routine inspection. No vibration or overheating reported.
M-01,2026-01-19,Rising vibration and bearing noise; inspection requested.
M-01,2026-01-20,Routine inspection. No vibration or overheating reported.
M-01,2026-01-21,Routine inspection. No vibration or overheating reported.
M-01,2026-01-22,Rising vibration and bearing noise; inspection requested.
M-01,2026-01-23,Rising vibration and bearing noise; inspection requested.
M-01,2026-01-24,Routine inspection. No vibration or overheating reported.
M-01,2026-01-25,Routine inspection. No vibration or overheating reported.
M-01,2026-01-26,Rising vibration and bearing noise; inspection requested.
M-01,2026-01-27,Rising vibration and bearing noise; inspection requested.
M-01,2026-01-28,Routine inspection. No vibration or overheating reported.
M-01,2026-01-29,Rising vibration and bearing noise; inspection requested.
M-01,2026-01-30,Rising vibration and bearing noise; inspection requested.
M-02,2026-01-01,Routine inspection. No vibration or overheating reported.
M-02,2026-01-02,Routine inspection. No vibration or overheating reported.
M-02,2026-01-03,Rising vibration and bearing noise; inspection requested.
M-02,2026-01-04,Rising vibration and bearing noise; inspection requested.
M-02,2026-01-05,Routine inspection. No vibration or overheating reported.
M-02,2026-01-06,Routine inspection. No vibration or overheating reported.
M-02,2026-01-07,Routine inspection. No vibration or overheating reported.
M-02,2026-01-08,Rising vibration and bearing noise; inspection requested.
M-02,2026-01-09,Routine inspection. No vibration or overheating reported.
M-02,2026-01-10,Routine inspection. No vibration or overheating reported.
M-02,2026-01-11,Rising vibration and bearing noise; inspection requested.
M-02,2026-01-12,Rising vibration and bearing noise; inspection requested.
M-02,2026-01-13,Routine inspection. No vibration or overheating reported.
M-02,2026-01-14,Rising vibration and bearing noise; inspection requested.
M-02,2026-01-15,Rising vibration and bearing noise; inspection requested.
M-02,2026-01-16,Routine inspection. No vibration or overheating reported.
M-02,2026-01-17,Routine inspection. No vibration or overheating reported.
M-02,2026-01-18,Rising vibration and bearing noise; inspection requested.
M-02,2026-01-19,Rising vibration and bearing noise; inspection requested.
M-02,2026-01-20,Routine inspection. No vibration or overheating reported.
M-02,2026-01-21,Routine inspection. No vibration or overheating reported.
M-02,2026-01-22,Rising vibration and bearing noise; inspection requested.
M-02,2026-01-23,Rising vibration and bearing noise; inspection requested.
M-02,2026-01-24,Routine inspection. No vibration or overheating reported.
M-02,2026-01-25,Routine inspection. No vibration or overheating reported.
M-02,2026-01-26,Rising vibration and bearing noise; inspection requested.
M-02,2026-01-27,Rising vibration and bearing noise; inspection requested.
M-02,2026-01-28,Routine inspection. No vibration or overheating reported.
M-02,2026-01-29,Routine inspection. No vibration or overheating reported.
M-02,2026-01-30,Rising vibration and bearing noise; inspection requested.
M-03,2026-01-01,Routine inspection. No vibration or overheating reported.
M-03,2026-01-02,Routine inspection. No vibration or overheating reported.
M-03,2026-01-03,Routine inspection. No vibration or overheating reported.
M-03,2026-01-04,Rising vibration and bearing noise; inspection requested.
M-03,2026-01-05,Routine inspection. No vibration or overheating reported.
M-03,2026-01-06,Routine inspection. No vibration or overheating reported.
M-03,2026-01-07,Rising vibration and bearing noise; inspection requested.
M-03,2026-01-08,Rising vibration and bearing noise; inspection requested.
M-03,2026-01-09,Routine inspection. No vibration or overheating reported.
M-03,2026-01-10,Routine inspection. No vibration or overheating reported.
M-03,2026-01-11,Rising vibration and bearing noise; inspection requested.
M-03,2026-01-12,Rising vibration and bearing noise; inspection requested.
M-03,2026-01-13,Routine inspection. No vibration or overheating reported.
M-03,2026-01-14,Routine inspection. No vibration or overheating reported.
M-03,2026-01-15,Rising vibration and bearing noise; inspection requested.
M-03,2026-01-16,Routine inspection. No vibration or overheating reported.
M-03,2026-01-17,Routine inspection. No vibration or overheating reported.
M-03,2026-01-18,Routine inspection. No vibration or overheating reported.
M-03,2026-01-19,Rising vibration and bearing noise; inspection requested.
M-03,2026-01-20,Routine inspection. No vibration or overheating reported.
M-03,2026-01-21,Routine inspection. No vibration or overheating reported.
M-03,2026-01-22,Rising vibration and bearing noise; inspection requested.
M-03,2026-01-23,Rising vibration and bearing noise; inspection requested.
M-03,2026-01-24,Routine inspection. No vibration or overheating reported.
M-03,2026-01-25,Routine inspection. No vibration or overheating reported.
M-03,2026-01-26,Rising vibration and bearing noise; inspection requested.
M-03,2026-01-27,Rising vibration and bearing noise; inspection requested.
M-03,2026-01-28,Routine inspection. No vibration or overheating reported.
M-03,2026-01-29,Routine inspection. No vibration or overheating reported.
M-03,2026-01-30,Rising vibration and bearing noise; inspection requested.
M-04,2026-01-01,Routine inspection. No vibration or overheating reported.
M-04,2026-01-02,Routine inspection. No vibration or overheating reported.
M-04,2026-01-03,Routine inspection. No vibration or overheating reported.
M-04,2026-01-04,Rising vibration and bearing noise; inspection requested.
M-04,2026-01-05,Routine inspection. No vibration or overheating reported.
M-04,2026-01-06,Routine inspection. No vibration or overheating reported.
M-04,2026-01-07,Routine inspection. No vibration or overheating reported.
M-04,2026-01-08,Rising vibration and bearing noise; inspection requested.
M-04,2026-01-09,Routine inspection. No vibration or overheating reported.
M-04,2026-01-10,Routine inspection. No vibration or overheating reported.
M-04,2026-01-11,Rising vibration and bearing noise; inspection requested.
M-04,2026-01-12,Rising vibration and bearing noise; inspection requested.
M-04,2026-01-13,Routine inspection. No vibration or overheating reported.
M-04,2026-01-14,Routine inspection. No vibration or overheating reported.
M-04,2026-01-15,Rising vibration and bearing noise; inspection requested.
M-04,2026-01-16,Routine inspection. No vibration or overheating reported.
M-04,2026-01-17,Routine inspection. No vibration or overheating reported.
M-04,2026-01-18,Routine inspection. No vibration or overheating reported.
M-04,2026-01-19,Rising vibration and bearing noise; inspection requested.
M-04,2026-01-20,Routine inspection. No vibration or overheating reported.
M-04,2026-01-21,Routine inspection. No vibration or overheating reported.
M-04,2026-01-22,Rising vibration and bearing noise; inspection requested.
M-04,2026-01-23,Rising vibration and bearing noise; inspection requested.
M-04,2026-01-24,Routine inspection. No vibration or overheating reported.
M-04,2026-01-25,Routine inspection. No vibration or overheating reported.
M-04,2026-01-26,Rising vibration and bearing noise; inspection requested.
M-04,2026-01-27,Rising vibration and bearing noise; inspection requested.
M-04,2026-01-28,Routine inspection. No vibration or overheating reported.
M-04,2026-01-29,Routine inspection. No vibration or overheating reported.
M-04,2026-01-30,Rising vibration and bearing noise; inspection requested.
M-05,2026-01-01,Routine inspection. No vibration or overheating reported.
M-05,2026-01-02,Routine inspection. No vibration or overheating reported.
M-05,2026-01-03,Rising vibration and bearing noise; inspection requested.
M-05,2026-01-04,Rising vibration and bearing noise; inspection requested.
M-05,2026-01-05,Routine inspection. No vibration or overheating reported.
M-05,2026-01-06,Routine inspection. No vibration or overheating reported.
M-05,2026-01-07,Routine inspection. No vibration or overheating reported.
M-05,2026-01-08,Rising vibration and bearing noise; inspection requested.
M-05,2026-01-09,Routine inspection. No vibration or overheating reported.
M-05,2026-01-10,Routine inspection. No vibration or overheating reported.
M-05,2026-01-11,Rising vibration and bearing noise; inspection requested.
M-05,2026-01-12,Rising vibration and bearing noise; inspection requested.
M-05,2026-01-13,Routine inspection. No vibration or overheating reported.
M-05,2026-01-14,Routine inspection. No vibration or overheating reported.
M-05,2026-01-15,Rising vibration and bearing noise; inspection requested.
M-05,2026-01-16,Routine inspection. No vibration or overheating reported.
M-05,2026-01-17,Routine inspection. No vibration or overheating reported.
M-05,2026-01-18,Routine inspection. No vibration or overheating reported.
M-05,2026-01-19,Rising vibration and bearing noise; inspection requested.
M-05,2026-01-20,Routine inspection. No vibration or overheating reported.
M-05,2026-01-21,Routine inspection. No vibration or overheating reported.
M-05,2026-01-22,Rising vibration and bearing noise; inspection requested.
M-05,2026-01-23,Rising vibration and bearing noise; inspection requested.
M-05,2026-01-24,Routine inspection. No vibration or overheating reported.
M-05,2026-01-25,Routine inspection. No vibration or overheating reported.
M-05,2026-01-26,Rising vibration and bearing noise; inspection requested.
M-05,2026-01-27,Rising vibration and bearing noise; inspection requested.
M-05,2026-01-28,Routine inspection. No vibration or overheating reported.
M-05,2026-01-29,Routine inspection. No vibration or overheating reported.
M-05,2026-01-30,Rising vibration and bearing noise; inspection requested.
M-06,2026-01-01,Routine inspection. No vibration or overheating reported.
M-06,2026-01-02,Routine inspection. No vibration or overheating reported.
M-06,2026-01-03,Routine inspection. No vibration or overheating reported.
M-06,2026-01-04,Rising vibration and bearing noise; inspection requested.
M-06,2026-01-05,Routine inspection. No vibration or overheating reported.
M-06,2026-01-06,Routine inspection. No vibration or overheating reported.
M-06,2026-01-07,Routine inspection. No vibration or overheating reported.
M-06,2026-01-08,Rising vibration and bearing noise; inspection requested.
M-06,2026-01-09,Routine inspection. No vibration or overheating reported.
M-06,2026-01-10,Routine inspection. No vibration or overheating reported.
M-06,2026-01-11,Rising vibration and bearing noise; inspection requested.
M-06,2026-01-12,Rising vibration and bearing noise; inspection requested.
M-06,2026-01-13,Routine inspection. No vibration or overheating reported.
M-06,2026-01-14,Routine inspection. No vibration or overheating reported.
M-06,2026-01-15,Rising vibration and bearing noise; inspection requested.
M-06,2026-01-16,Routine inspection. No vibration or overheating reported.
M-06,2026-01-17,Routine inspection. No vibration or overheating reported.
M-06,2026-01-18,Rising vibration and bearing noise; inspection requested.
M-06,2026-01-19,Rising vibration and bearing noise; inspection requested.
M-06,2026-01-20,Routine inspection. No vibration or overheating reported.
M-06,2026-01-21,Routine inspection. No vibration or overheating reported.
M-06,2026-01-22,Rising vibration and bearing noise; inspection requested.
M-06,2026-01-23,Rising vibration and bearing noise; inspection requested.
M-06,2026-01-24,Routine inspection. No vibration or overheating reported.
M-06,2026-01-25,Routine inspection. No vibration or overheating reported.
M-06,2026-01-26,Rising vibration and bearing noise; inspection requested.
M-06,2026-01-27,Rising vibration and bearing noise; inspection requested.
M-06,2026-01-28,Routine inspection. No vibration or overheating reported.
M-06,2026-01-29,Routine inspection. No vibration or overheating reported.
M-06,2026-01-30,Rising vibration and bearing noise; inspection requested.
